create table user ( id varchar(255) not null, version bigint not null, accessPublicApi bit, active bit not null, creationDate bigint not null, email varchar(255) not null, lang varchar(5) not null, lastLogin bigint, lastModified bigint not null, loginAttempt integer not null, note longvarchar, password varchar(255), role varchar(15) not null, tokenSalt varchar(255), totpEnabled bit, totpRequiredAtLogin bit, totpSecret varchar(255), primary key (id) );
create table seller ( aboutus varchar(255), approvationStep varchar(15) not null, companyName varchar(255) not null, companyWebsite varchar(255), dowJonesCheck bit, firstTimer bit not null, firstname varchar(255) not null, gbgCheck bit, introducerFee varchar(255), lastname varchar(255) not null, notification longvarchar, referredBy varchar(255), rejectionCause varchar(255), rpaSignDate datetime, virtualAccountName varchar(255), virtualAccountNumber varchar(255), virtualBankAddress varchar(255), virtualBankCode varchar(255), virtualBankName varchar(255), virtualSwiftCode varchar(255), id varchar(255) not null, company_id varchar(255), dowJonesAttachment_id varchar(255), gbgCheckAttachment_id varchar(255), introducedBy_id varchar(255), lockedBy_id varchar(255), searchableId integer not null, primary key (id) );
create table sellerPermission ( id varchar(255) not null, version bigint not null, permission varchar(40) not null, sellerUser_Id varchar(255), primary key (id) );
create table sellerUser ( firstname varchar(255) not null, initiated bit default 0 not null, jobTitle varchar(255), lastname varchar(255) not null, phone varchar(255), sellerUserRole varchar(40) not null, id varchar(255) not null, searchableId integer not null, seller_Id varchar(255), primary key (id) );
create table bidder ( accountCode varchar(255), accountNumber varchar(255), accountType varchar(255), address1 varchar(255), address2 varchar(255), approvationStep varchar(15) not null, bankAddress varchar(255), bankCountry varchar(255), bankCurrency varchar(5), bankName varchar(255), birthdate datetime, br varchar(255), category varchar(100) not null, city varchar(255), companyEmail varchar(255), companyName varchar(255), companyPhone varchar(255), companyWebsite varchar(255), country varchar(255), countryOfBirth varchar(255), countryOfResidence varchar(255), dowJonesCheck bit, firstname varchar(255) not null, gbgCheck bit, introducerFee varchar(255), ipaSignDate datetime, lastname varchar(255) not null, nationality varchar(255), passportNumber varchar(255), referredBy varchar(255), rejectionCause varchar(255), tradingName varchar(255), type varchar(15), zipCode varchar(255), id varchar(255) not null, association_id varchar(255), brCertificate_id varchar(255), dowJonesAttachment_id varchar(255), gbgCheckAttachment_id varchar(255), hkid_id varchar(255), incorporation_id varchar(255), introducedBy_id varchar(255), lockedBy_id varchar(255), passport_id varchar(255), proof_id varchar(255), searchableId integer not null, primary key (id) );
create table bidderPermission ( id varchar(255) not null, version bigint not null, permission varchar(40) not null, bidderUser_Id varchar(255), primary key (id) );
create table bidderUser ( bidderUserRole varchar(40) not null, firstname varchar(255) not null, initiated bit default 0 not null, jobTitle varchar(255), lastname varchar(255) not null, phone varchar(255), id varchar(255) not null, bidder_Id varchar(255), searchableId integer not null, primary key (id) );
create table searchableId ( id integer generated by default as identity (start with 1), primary key (id) );

INSERT INTO searchableId VALUES (1,2,3,4,5,6,7,8,9,10,11,12,13,14,15,16,17,18,19,20,21,22,23,24,25,26,27,28,29,30);
INSERT INTO user (id,email,active,lang,role,creationDate,lastModified,lastLogin,tokenSalt,password,version, loginAttempt) VALUES ('uA','admin@velox.exchange',true,'EN','ADMIN',unix_timestamp(),unix_timestamp(),unix_timestamp(),'aaa','1/PQbaSLhSyIoAJRMC4xB-8jZakqM:dahAanRf15nRXxRRNMjNOqy6nIg',1,0), ('uCA1','credit@velox.exchange',true,'EN','CREDIT_ANALYST',unix_timestamp(),unix_timestamp(),unix_timestamp(),'aaa','1/H9I_0b1C69wU-K3n1TF-9EZVlf0:o7OmR93qD1J1u_df_raK5zLKx-Y',1,0), ('uDE1','data1@velox.exchange',true,'EN','DATA_ENTRY',unix_timestamp(),unix_timestamp(),unix_timestamp(),'aaa','1/TuL6U-zC8vnNuIF0nUfr6AM-YlM:odyKx2AlqwS_KaQRsa6CdFjGzj4',1,0), ('uS1','delete+foo.bar@velox.exchange',true,'EN','SELLER_COMPANY',unix_timestamp(),unix_timestamp(),unix_timestamp(),'aaa','1/Dh98ollCaMyOtIymAU4VZYd_rdE:Gi9VKGCP5u_CBtalXEUjlxSrqnQ',1,0), ('uSU1','foo.bar@velox.exchange',true,'EN','SELLER',unix_timestamp(),unix_timestamp(),unix_timestamp(),'aaa','1/Dh98ollCaMyOtIymAU4VZYd_rdE:Gi9VKGCP5u_CBtalXEUjlxSrqnQ',1,0), ('uBI1','bidder.individual@velox.exchange.unused',true,'EN','BIDDER_COMPANY',unix_timestamp(),unix_timestamp(),unix_timestamp(),'aaa','1/Jq_gfbMyqiRzx5bnb-MQp-x1Yb0:pz3mZy1gR7IjxOejzo7jQebuk00',1,0), ('uBUI1','bidder.individual@velox.exchange',true,'EN','BIDDER',unix_timestamp(),unix_timestamp(),unix_timestamp(),'aaa','1/Jq_gfbMyqiRzx5bnb-MQp-x1Yb0:pz3mZy1gR7IjxOejzo7jQebuk00',1,0), ('uBI2','bidder2.individual@velox.exchange.unused',true,'EN','BIDDER_COMPANY',unix_timestamp(),unix_timestamp(),unix_timestamp(),'aaa','1/xk9Jr2cGc9swZXhnNOfkZy4JKZ0:nR8agqukvDKzxZBSGPFDJ5LrUE0',1,0), ('uBUI2','bidder2.individual@velox.exchange',true,'EN','BIDDER',unix_timestamp(),unix_timestamp(),unix_timestamp(),'aaa','1/xk9Jr2cGc9swZXhnNOfkZy4JKZ0:nR8agqukvDKzxZBSGPFDJ5LrUE0',1,0), ('uBC1','bidder.company@velox.exchange.unused',true,'EN','BIDDER_COMPANY',unix_timestamp(),unix_timestamp(),unix_timestamp(),'aaa','1/bNUk4c0gV6EHioAHnc_44-3s_Sg:bfimR7AVCR5fASi-8FTOUGyEyao',1,0), ('uBUC1','bidder.company@velox.exchange',true,'EN','BIDDER',unix_timestamp(),unix_timestamp(),unix_timestamp(),'aaa','1/bNUk4c0gV6EHioAHnc_44-3s_Sg:bfimR7AVCR5fASi-8FTOUGyEyao',1,0), ('uBUC11','bidder1.company@velox.exchange',true,'EN','BIDDER',unix_timestamp(),unix_timestamp(),unix_timestamp(),'aaa','1/bNUk4c0gV6EHioAHnc_44-3s_Sg:bfimR7AVCR5fASi-8FTOUGyEyao',1,0), ('uBC2','bidder2.company@velox.exchange.unused',true,'EN','BIDDER_COMPANY',unix_timestamp(),unix_timestamp(),unix_timestamp(),'aaa','1/L4qC_felrhlxl0WS5xcMYapHKN4:IVCwJoUGTO4e0mQ76sNltzZ5Z4k',1,0), ('uBUC2','bidder2.company@velox.exchange',true,'EN','BIDDER',unix_timestamp(),unix_timestamp(),unix_timestamp(),'aaa','1/L4qC_felrhlxl0WS5xcMYapHKN4:IVCwJoUGTO4e0mQ76sNltzZ5Z4k',1,0), ('uBC3','bidder3.company@velox.exchange.unused',true,'EN','BIDDER_COMPANY',unix_timestamp(),unix_timestamp(),unix_timestamp(),'aaa','1/_QId6UANY3JcMxXqwv75gtN3bwk:6AZ7WQh558vLb_USAXpwVXjIHYw',1,0), ('uBUC3','bidder3.company@velox.exchange',true,'EN','BIDDER',unix_timestamp(),unix_timestamp(),unix_timestamp(),'aaa','1/_QId6UANY3JcMxXqwv75gtN3bwk:6AZ7WQh558vLb_USAXpwVXjIHYw',1,0), ('uIC1','introducer.company@velox.exchange',true,'EN','INTRODUCER',unix_timestamp(),unix_timestamp(),unix_timestamp(),'aaa','1/IGCMkKYtBCmDRowxNw1me1XJbh0:sQ6wU3TgKArCg1FmUU3PziINmPk',1,0), ('NON_PI_U','NON_PI@velox.exchange',true,'EN','BIDDER',unix_timestamp(),unix_timestamp(),unix_timestamp(),'aaa','1/Lx2QLEDepAYYjEalixV4HDZz5yY:9yI3Bfz4U-dq9rR-cL5p36JiGVI',1,0), ('NON_PI','NON_PI@velox.exchange.unused',true,'EN','BIDDER_COMPANY',unix_timestamp(),unix_timestamp(),unix_timestamp(),'aaa','1/Lx2QLEDepAYYjEalixV4HDZz5yY:9yI3Bfz4U-dq9rR-cL5p36JiGVI',1,0), ('PI_FINANCIAL_INSTITUTION_U','PI_FINANCIAL_INSTITUTION@velox.exchange',true,'EN','BIDDER',unix_timestamp(),unix_timestamp(),unix_timestamp(),'aaa','1/Lx2QLEDepAYYjEalixV4HDZz5yY:9yI3Bfz4U-dq9rR-cL5p36JiGVI',1,0), ('PI_FINANCIAL_INSTITUTION','PI_FINANCIAL_INSTITUTION@velox.exchange.unused',true,'EN','BIDDER_COMPANY',unix_timestamp(),unix_timestamp(),unix_timestamp(),'aaa','1/Lx2QLEDepAYYjEalixV4HDZz5yY:9yI3Bfz4U-dq9rR-cL5p36JiGVI',1,0), ('PI_CORPORATE_U','PI_CORPORATE@velox.exchange',true,'EN','BIDDER',unix_timestamp(),unix_timestamp(),unix_timestamp(),'aaa','1/Lx2QLEDepAYYjEalixV4HDZz5yY:9yI3Bfz4U-dq9rR-cL5p36JiGVI',1,0), ('PI_CORPORATE','PI_CORPORATE@velox.exchange.unused',true,'EN','BIDDER_COMPANY',unix_timestamp(),unix_timestamp(),unix_timestamp(),'aaa','1/Lx2QLEDepAYYjEalixV4HDZz5yY:9yI3Bfz4U-dq9rR-cL5p36JiGVI',1,0), ('INDIVIDUAL_PI_AND_NON_PI_CORPORATE_CATEGORY_A_U','INDIVIDUAL_PI_AND_NON_PI_CORPORATE_CATEGORY_A@velox.exchange',true,'EN','BIDDER',unix_timestamp(),unix_timestamp(),unix_timestamp(),'aaa','1/Lx2QLEDepAYYjEalixV4HDZz5yY:9yI3Bfz4U-dq9rR-cL5p36JiGVI',1,0), ('INDIVIDUAL_PI_AND_NON_PI_CORPORATE_CATEGORY_A','INDIVIDUAL_PI_AND_NON_PI_CORPORATE_CATEGORY_A@velox.exchange.unused',true,'EN','BIDDER_COMPANY',unix_timestamp(),unix_timestamp(),unix_timestamp(),'aaa','1/Lx2QLEDepAYYjEalixV4HDZz5yY:9yI3Bfz4U-dq9rR-cL5p36JiGVI',1,0), ('INDIVIDUAL_PI_AND_NON_PI_CORPORATE_CATEGORY_B_U','INDIVIDUAL_PI_AND_NON_PI_CORPORATE_CATEGORY_B@velox.exchange',true,'EN','BIDDER',unix_timestamp(),unix_timestamp(),unix_timestamp(),'aaa','1/Lx2QLEDepAYYjEalixV4HDZz5yY:9yI3Bfz4U-dq9rR-cL5p36JiGVI',1,0), ('INDIVIDUAL_PI_AND_NON_PI_CORPORATE_CATEGORY_B','INDIVIDUAL_PI_AND_NON_PI_CORPORATE_CATEGORY_B@velox.exchange.unused',true,'EN','BIDDER_COMPANY',unix_timestamp(),unix_timestamp(),unix_timestamp(),'aaa','1/Lx2QLEDepAYYjEalixV4HDZz5yY:9yI3Bfz4U-dq9rR-cL5p36JiGVI',1,0), ('INDIVIDUAL_PI_AND_NON_PI_CORPORATE_CATEGORY_C_U','INDIVIDUAL_PI_AND_NON_PI_CORPORATE_CATEGORY_C@velox.exchange',true,'EN','BIDDER',unix_timestamp(),unix_timestamp(),unix_timestamp(),'aaa','1/Lx2QLEDepAYYjEalixV4HDZz5yY:9yI3Bfz4U-dq9rR-cL5p36JiGVI',1,0), ('INDIVIDUAL_PI_AND_NON_PI_CORPORATE_CATEGORY_C','INDIVIDUAL_PI_AND_NON_PI_CORPORATE_CATEGORY_C@velox.exchange.unused',true,'EN','BIDDER_COMPANY',unix_timestamp(),unix_timestamp(),unix_timestamp(),'aaa','1/Lx2QLEDepAYYjEalixV4HDZz5yY:9yI3Bfz4U-dq9rR-cL5p36JiGVI',1,0) ;
INSERT INTO seller (id,firstname,lastname,companyName,approvationStep,firstTimer,searchableId, company_id) VALUES ('uS1','Foo','Bar','Disney','APPROVED', false, 1, 'c1');
INSERT INTO sellerUser (id,firstname,lastname,sellerUserRole,searchableId,seller_Id,jobTitle,phone) VALUES ('uSU1','Foo','Bar','LEGALLY_BINDING',15,'uS1','cleaner','+001');
INSERT INTO sellerPermission (id,permission,sellerUser_Id,version) values ('sP1', 'CREATE_AUCTION', 'uSU1',1), ('sP2', 'APPROVE_REJECT_AUCTION', 'uSU1',1), ('sP3', 'WITHDRAW', 'uSU1',1), ('sP4', 'INVITE_USER', 'uSU1',1);

INSERT INTO bidder (id,firstname,lastname,type,approvationStep,accountnumber,address1,city,country,bankname,bankaddress,bankcountry,searchableId, category) VALUES ('uBI1','Bidder','Individual','INDIVIDUAL','APPROVED','CH918789','Street n°1','New York','USA','Unicredit','Plaza','USA',2, 'PI_FINANCIAL_INSTITUTION'), ('uBI2','Bidder2','Individual','INDIVIDUAL','APPROVED','CH918789','Street n°1','New York','USA','Unicredit','Plaza','USA',3, 'PI_FINANCIAL_INSTITUTION'), ('uBC1','Bidder','Company','COMPANY','APPROVED','CH918789','Street n°1','New York','USA','Unicredit','Plaza','USA',4, 'PI_FINANCIAL_INSTITUTION'), ('uBC2','Bidder2','Company','COMPANY','APPROVED','CH918789','Street n°1','New York','USA','Unicredit','Plaza','USA',7, 'PI_FINANCIAL_INSTITUTION'), ('uBC3','Bidder3','Company','COMPANY','APPROVED','CH918789','Street n°1','New York','USA','Unicredit','Plaza','USA', 8, 'PI_FINANCIAL_INSTITUTION'), ('NON_PI','BidderNON_PI','CompanyNON_PI','COMPANY','APPROVED','CH918789','Street n°1','New York','USA','Unicredit','Plaza','USA', 10, 'NON_PI'), ('PI_FINANCIAL_INSTITUTION','BidderP_F_I','CompanyP_F_I','COMPANY','APPROVED','CH918789','Street n°1','New York','USA','Unicredit','Plaza','USA', 11, 'PI_FINANCIAL_INSTITUTION'), ('PI_CORPORATE','BidderPI_CORPORATE','CompanyPI_CORPORATE','COMPANY','APPROVED','CH918789','Street n°1','New York','USA','Unicredit','Plaza','USA', 12, 'PI_CORPORATE'), ('INDIVIDUAL_PI_AND_NON_PI_CORPORATE_CATEGORY_A','BidderIPANPCC_A','CompanyIPANPCC_A','INDIVIDUAL','APPROVED','CH918789','Street n°1','New York','USA','Unicredit','Plaza','USA', 13, 'INDIVIDUAL_PI_AND_NON_PI_CORPORATE_CATEGORY_A'), ('INDIVIDUAL_PI_AND_NON_PI_CORPORATE_CATEGORY_B','BidderIPANPCC_B','CompanyIPANPCC_B','INDIVIDUAL','APPROVED','CH918789','Street n°1','New York','USA','Unicredit','Plaza','USA', 14, 'INDIVIDUAL_PI_AND_NON_PI_CORPORATE_CATEGORY_B'), ('INDIVIDUAL_PI_AND_NON_PI_CORPORATE_CATEGORY_C','BidderIPANPCC_C','CompanyIPANPCC_C','INDIVIDUAL','APPROVED','CH918789','Street n°1','New York','USA','Unicredit','Plaza','USA', 15, 'INDIVIDUAL_PI_AND_NON_PI_CORPORATE_CATEGORY_C');
INSERT INTO bidderUser (id,firstname,lastname,bidderUserRole,phone,jobTitle,searchableId,bidder_Id, initiated) VALUES ('uBUI1','Bidder','Individual','LEGALLY_BINDING','9988777','Unicredit',16,'uBI1', 0), ('uBUI2','Bidder2','Individual','LEGALLY_BINDING','9988777','Unicredit',17,'uBI2', 0), ('uBUC1','Bidder','Company','LEGALLY_BINDING','9988777','Unicredit',18,'uBC1', 0), ('uBUC11','Bidder','Company','NON_LEGALLY_BINDING','9988777','Unicredit',18,'uBC1', 0), ('uBUC2','Bidder2','Company','LEGALLY_BINDING','9988777','Unicredit',19,'uBC2', 0), ('uBUC3','Bidder3','Company','LEGALLY_BINDING','9988777','Unicredit',20,'uBC3', 0), ('NON_PI_U','BidderNON_PI','CompanyNON_PI','LEGALLY_BINDING','9988777','Unicredit',21,'NON_PI', 0), ('PI_FINANCIAL_INSTITUTION_U','BidderP_F_I','CompanyP_F_I','LEGALLY_BINDING','9988777','Unicredit',22,'PI_FINANCIAL_INSTITUTION', 0), ('PI_CORPORATE_U','BidderPI_CORPORATE','CompanyPI_CORPORATE','LEGALLY_BINDING','9988777','Unicredit',23,'PI_CORPORATE', 0), ('INDIVIDUAL_PI_AND_NON_PI_CORPORATE_CATEGORY_A_U','BidderIPANPCC_A','CompanyIPANPCC_A','LEGALLY_BINDING','9988777','Unicredit',24,'INDIVIDUAL_PI_AND_NON_PI_CORPORATE_CATEGORY_A', 0), ('INDIVIDUAL_PI_AND_NON_PI_CORPORATE_CATEGORY_B_U','BidderIPANPCC_B','CompanyIPANPCC_B','LEGALLY_BINDING','9988777','Unicredit',25,'INDIVIDUAL_PI_AND_NON_PI_CORPORATE_CATEGORY_B', 0), ('INDIVIDUAL_PI_AND_NON_PI_CORPORATE_CATEGORY_C_U','BidderIPANPCC_C','CompanyIPANPCC_C','LEGALLY_BINDING','9988777','Unicredit',26,'INDIVIDUAL_PI_AND_NON_PI_CORPORATE_CATEGORY_C', 0);
INSERT INTO bidderPermission (id,permission,bidderUser_Id,version) values ('bP1', 'BID', 'uBUI1',1), ('bP2', 'WITHDRAW', 'uBUI1',1), ('bP3', 'INVITE_USER', 'uBUI1',1), ('bP4', 'BID', 'uBUI2',1), ('bP5', 'WITHDRAW', 'uBUI2',1), ('bP6', 'INVITE_USER', 'uBUI2',1), ('bP7', 'BID', 'uBUC1',1), ('bP8', 'WITHDRAW', 'uBUC1',1), ('bP9', 'INVITE_USER', 'uBUC1',1), ('bP10', 'BID', 'uBUC2',1), ('bP11', 'WITHDRAW', 'uBUC2',1), ('bP12', 'INVITE_USER', 'uBUC2',1), ('bP13', 'BID', 'uBUC3',1), ('bP14', 'WITHDRAW', 'uBUC3',1), ('bP15', 'INVITE_USER', 'uBUC3',1), ('bP16', 'BID', 'NON_PI_U',1), ('bP17', 'WITHDRAW', 'NON_PI_U',1), ('bP18', 'INVITE_USER', 'NON_PI_U',1), ('bP19', 'BID', 'PI_FINANCIAL_INSTITUTION_U',1), ('bP20', 'WITHDRAW', 'PI_FINANCIAL_INSTITUTION_U',1), ('bP21', 'INVITE_USER', 'PI_FINANCIAL_INSTITUTION_U',1), ('bP22', 'BID', 'PI_CORPORATE_U',1), ('bP23', 'WITHDRAW', 'PI_CORPORATE_U',1), ('bP24', 'INVITE_USER', 'PI_CORPORATE_U',1), ('bP25', 'BID', 'INDIVIDUAL_PI_AND_NON_PI_CORPORATE_CATEGORY_A_U',1), ('bP26', 'WITHDRAW', 'INDIVIDUAL_PI_AND_NON_PI_CORPORATE_CATEGORY_A_U',1), ('bP27', 'INVITE_USER', 'INDIVIDUAL_PI_AND_NON_PI_CORPORATE_CATEGORY_A_U',1), ('bP28', 'BID', 'INDIVIDUAL_PI_AND_NON_PI_CORPORATE_CATEGORY_B_U',1), ('bP29', 'WITHDRAW', 'INDIVIDUAL_PI_AND_NON_PI_CORPORATE_CATEGORY_B_U',1), ('bP30', 'INVITE_USER', 'INDIVIDUAL_PI_AND_NON_PI_CORPORATE_CATEGORY_B_U',1), ('bP31', 'BID', 'INDIVIDUAL_PI_AND_NON_PI_CORPORATE_CATEGORY_C_U',1), ('bP32', 'WITHDRAW', 'INDIVIDUAL_PI_AND_NON_PI_CORPORATE_CATEGORY_C_U',1), ('bP33', 'INVITE_USER', 'INDIVIDUAL_PI_AND_NON_PI_CORPORATE_CATEGORY_C_U',1);